{
    "$schema": "http://schema.management.azure.com/schemas/2015-01-01/deploymentTemplate.json#",
    "contentVersion": "1.0.0.0",
    "parameters": {
        "factoryName": {
            "type": "string",
            "metadata": "Data Factory name"
        },
        "ls_dataLakeStorage": {
            "type": "string"
        },
        "ls_dataFactoryEngine": {
            "type": "string"
        },
        "ls_sqlServerSource": {
            "type": "string"
        }
    },
    "variables": {
        "factoryId": "[concat('Microsoft.DataFactory/factories/', parameters('factoryName'))]"
    },
    "resources": [
        {
            "name": "[concat(parameters('factoryName'), '/template-delta-copy-iterate-tables')]",
            "type": "Microsoft.DataFactory/factories/pipelines",
            "apiVersion": "2018-06-01",
            "properties": {
                "activities": [
                    {
                        "name": "Lookup-Files",
                        "type": "Lookup",
                        "dependsOn": [],
                        "policy": {
                            "timeout": "7.00:00:00",
                            "retry": 0,
                            "retryIntervalInSeconds": 30,
                            "secureOutput": false,
                            "secureInput": false
                        },
                        "userProperties": [],
                        "typeProperties": {
                            "source": {
                                "type": "DelimitedTextSource",
                                "storeSettings": {
                                    "type": "AzureBlobFSReadSettings",
                                    "recursive": true
                                },
                                "formatSettings": {
                                    "type": "DelimitedTextReadSettings"
                                }
                            },
                            "dataset": {
                                "referenceName": "ds_blobFileCsv",
                                "type": "DatasetReference",
                                "parameters": {
                                    "paramContainer": {
                                        "value": "@pipeline().parameters.BlobContainer",
                                        "type": "Expression"
                                    },
                                    "paramFolder": {
                                        "value": "@concat(pipeline().parameters.BlobFolder, '/', pipeline().parameters.SettingsFolder)",
                                        "type": "Expression"
                                    },
                                    "paramFile": {
                                        "value": "@pipeline().parameters.SettingsFile",
                                        "type": "Expression"
                                    }
                                }
                            },
                            "firstRowOnly": false
                        }
                    },
                    {
                        "name": "Iterate-Files",
                        "type": "ForEach",
                        "dependsOn": [
                            {
                                "activity": "Lookup-Files",
                                "dependencyConditions": [
                                    "Succeeded"
                                ]
                            }
                        ],
                        "userProperties": [],
                        "typeProperties": {
                            "items": {
                                "value": "@activity('Lookup-Files').output.value",
                                "type": "Expression"
                            },
                            "activities": [
                                {
                                    "name": "Get-Last-Watermark",
                                    "type": "Lookup",
                                    "dependsOn": [],
                                    "policy": {
                                        "timeout": "7.00:00:00",
                                        "retry": 0,
                                        "retryIntervalInSeconds": 30,
                                        "secureOutput": false,
                                        "secureInput": false
                                    },
                                    "userProperties": [],
                                    "typeProperties": {
                                        "source": {
                                            "type": "AzureSqlSource",
                                            "sqlReaderStoredProcedureName": "[[Loader].[up_GetLastWatermark]",
                                            "storedProcedureParameters": {
                                                "SourceSystem": {
                                                    "type": "String",
                                                    "value": {
                                                        "value": "@pipeline().parameters.BlobFolder",
                                                        "type": "Expression"
                                                    }
                                                },
                                                "TableName": {
                                                    "type": "String",
                                                    "value": {
                                                        "value": "@item().Table",
                                                        "type": "Expression"
                                                    }
                                                },
                                                "TableSchema": {
                                                    "type": "String",
                                                    "value": {
                                                        "value": "@item().Schema",
                                                        "type": "Expression"
                                                    }
                                                }
                                            },
                                            "queryTimeout": "02:00:00",
                                            "partitionOption": "None"
                                        },
                                        "dataset": {
                                            "referenceName": "ds_dataFactoryEngine",
                                            "type": "DatasetReference",
                                            "parameters": {}
                                        }
                                    }
                                },
                                {
                                    "name": "Get-New-Watermark",
                                    "type": "Lookup",
                                    "dependsOn": [],
                                    "policy": {
                                        "timeout": "7.00:00:00",
                                        "retry": 0,
                                        "retryIntervalInSeconds": 30,
                                        "secureOutput": false,
                                        "secureInput": false
                                    },
                                    "userProperties": [],
                                    "typeProperties": {
                                        "source": {
                                            "type": "AzureSqlSource",
                                            "sqlReaderStoredProcedureName": "[[Loader].[up_GetNewWatermark]",
                                            "queryTimeout": "02:00:00",
                                            "partitionOption": "None"
                                        },
                                        "dataset": {
                                            "referenceName": "ds_dataFactoryEngine",
                                            "type": "DatasetReference",
                                            "parameters": {}
                                        }
                                    }
                                },
                                {
                                    "name": "Switch-Incremental",
                                    "type": "Switch",
                                    "dependsOn": [
                                        {
                                            "activity": "Get-Last-Watermark",
                                            "dependencyConditions": [
                                                "Succeeded"
                                            ]
                                        },
                                        {
                                            "activity": "Get-New-Watermark",
                                            "dependencyConditions": [
                                                "Succeeded"
                                            ]
                                        }
                                    ],
                                    "userProperties": [],
                                    "typeProperties": {
                                        "on": {
                                            "value": "@item().Incremental",
                                            "type": "Expression"
                                        },
                                        "cases": [
                                            {
                                                "value": "1",
                                                "activities": [
                                                    {
                                                        "name": "Extract-Files-to-Blob-Incremental",
                                                        "type": "Copy",
                                                        "dependsOn": [],
                                                        "policy": {
                                                            "timeout": "7.00:00:00",
                                                            "retry": 0,
                                                            "retryIntervalInSeconds": 30,
                                                            "secureOutput": false,
                                                            "secureInput": false
                                                        },
                                                        "userProperties": [
                                                            {
                                                                "name": "Source",
                                                                "value": "."
                                                            },
                                                            {
                                                                "name": "Destination",
                                                                "value": "@{pipeline().parameters.BlobContainer}/@{concat(pipeline().parameters.BlobFolder, '/', item().Table, '/', formatDateTime(variables('ExtractDateTime'),'yyyy'), '/', formatDateTime(variables('ExtractDateTime'),'MM'), '/', formatDateTime(variables('ExtractDateTime'),'dd'), '/', formatDateTime(variables('ExtractDateTime'),'HH'))}/@{concat(item().Table,'-',variables('timestamp'), '.csv')}"
                                                            }
                                                        ],
                                                        "typeProperties": {
                                                            "source": {
                                                                "type": "SqlServerSource",
                                                                "additionalColumns": [
                                                                    {
                                                                        "name": "__ExtractDateTime",
                                                                        "value": {
                                                                            "value": "@variables('ExtractDateTime')",
                                                                            "type": "Expression"
                                                                        }
                                                                    },
                                                                    {
                                                                        "name": "__FileName",
                                                                        "value": {
                                                                            "value": "@concat(item().Table,'-',variables('timestamp'), '.csv')",
                                                                            "type": "Expression"
                                                                        }
                                                                    }
                                                                ],
                                                                "sqlReaderQuery": "select * \nfrom @{item().Schema}.@{item().Table} \nwhere @{item().Watermark} > '@{activity('Get-Last-Watermark').output.firstRow.LastExtractedDate}' \n\tand @{item().Watermark} <= '@{activity('Get-New-Watermark').output.firstRow.NewExtractDate}'",
                                                                "queryTimeout": "02:00:00",
                                                                "partitionOption": "None"
                                                            },
                                                            "sink": {
                                                                "type": "DelimitedTextSink",
                                                                "storeSettings": {
                                                                    "type": "AzureBlobFSWriteSettings"
                                                                },
                                                                "formatSettings": {
                                                                    "type": "DelimitedTextWriteSettings",
                                                                    "quoteAllText": true,
                                                                    "fileExtension": ".txt"
                                                                }
                                                            },
                                                            "enableStaging": false,
                                                            "parallelCopies": 30,
                                                            "enableSkipIncompatibleRow": true,
                                                            "logStorageSettings": {
                                                                "linkedServiceName": {
                                                                    "referenceName": "[parameters('ls_dataLakeStorage')]",
                                                                    "type": "LinkedServiceReference"
                                                                },
                                                                "path": {
                                                                    "value": "@concat(pipeline().parameters.BlobFolder, '/', item().Table, '/Logging/', formatDateTime(variables('ExtractDateTime'),'yyyy'), '/', formatDateTime(variables('ExtractDateTime'),'MM'), '/', formatDateTime(variables('ExtractDateTime'),'dd'), '/', formatDateTime(variables('ExtractDateTime'),'HH'))",
                                                                    "type": "Expression"
                                                                }
                                                            },
                                                            "translator": {
                                                                "type": "TabularTranslator",
                                                                "typeConversion": true,
                                                                "typeConversionSettings": {
                                                                    "allowDataTruncation": true,
                                                                    "treatBooleanAsNumber": false
                                                                }
                                                            }
                                                        },
                                                        "inputs": [
                                                            {
                                                                "referenceName": "ds_sqlServerSource",
                                                                "type": "DatasetReference",
                                                                "parameters": {
                                                                    "paramSchema": {
                                                                        "value": "@item().Schema",
                                                                        "type": "Expression"
                                                                    },
                                                                    "paramTable": {
                                                                        "value": "@item().Table",
                                                                        "type": "Expression"
                                                                    }
                                                                }
                                                            }
                                                        ],
                                                        "outputs": [
                                                            {
                                                                "referenceName": "ds_blobFileCsv",
                                                                "type": "DatasetReference",
                                                                "parameters": {
                                                                    "paramContainer": {
                                                                        "value": "@pipeline().parameters.BlobContainer",
                                                                        "type": "Expression"
                                                                    },
                                                                    "paramFolder": {
                                                                        "value": "@concat(pipeline().parameters.BlobFolder, '/', item().Table, '/', formatDateTime(variables('ExtractDateTime'),'yyyy'), '/', formatDateTime(variables('ExtractDateTime'),'MM'), '/', formatDateTime(variables('ExtractDateTime'),'dd'), '/', formatDateTime(variables('ExtractDateTime'),'HH'))",
                                                                        "type": "Expression"
                                                                    },
                                                                    "paramFile": {
                                                                        "value": "@concat(item().Table,'-',variables('timestamp'), '.csv')",
                                                                        "type": "Expression"
                                                                    }
                                                                }
                                                            }
                                                        ]
                                                    },
                                                    {
                                                        "name": "Send-Failure-Extract-Files-to-Blob-Incremental",
                                                        "type": "ExecutePipeline",
                                                        "dependsOn": [
                                                            {
                                                                "activity": "Extract-Files-to-Blob-Incremental",
                                                                "dependencyConditions": [
                                                                    "Failed"
                                                                ]
                                                            }
                                                        ],
                                                        "userProperties": [],
                                                        "typeProperties": {
                                                            "pipeline": {
                                                                "referenceName": "failure-notification-pipeline",
                                                                "type": "PipelineReference"
                                                            },
                                                            "waitOnCompletion": true,
                                                            "parameters": {
                                                                "EmailTo": {
                                                                    "value": "@pipeline().parameters.EmailTo",
                                                                    "type": "Expression"
                                                                },
                                                                "Activity": "Extract-Files-to-Blob-Incremental",
                                                                "ErrorMessage": {
                                                                    "value": "@{activity('Extract-Files-to-Blob-Incremental').Error.Message}",
                                                                    "type": "Expression"
                                                                },
                                                                "PipelineName": {
                                                                    "value": "@pipeline().Pipeline",
                                                                    "type": "Expression"
                                                                }
                                                            }
                                                        }
                                                    }
                                                ]
                                            },
                                            {
                                                "value": "0",
                                                "activities": [
                                                    {
                                                        "name": "Extract-Files-to-Blob",
                                                        "type": "Copy",
                                                        "dependsOn": [],
                                                        "policy": {
                                                            "timeout": "7.00:00:00",
                                                            "retry": 0,
                                                            "retryIntervalInSeconds": 30,
                                                            "secureOutput": false,
                                                            "secureInput": false
                                                        },
                                                        "userProperties": [
                                                            {
                                                                "name": "Source",
                                                                "value": "."
                                                            },
                                                            {
                                                                "name": "Destination",
                                                                "value": "@{pipeline().parameters.BlobContainer}/@{concat(pipeline().parameters.BlobFolder, '/', item().Table, '/', formatDateTime(variables('ExtractDateTime'),'yyyy'), '/', formatDateTime(variables('ExtractDateTime'),'MM'), '/', formatDateTime(variables('ExtractDateTime'),'dd'), '/', formatDateTime(variables('ExtractDateTime'),'HH'))}/@{concat(item().Table,'-',variables('timestamp'), '.csv')}"
                                                            }
                                                        ],
                                                        "typeProperties": {
                                                            "source": {
                                                                "type": "SqlServerSource",
                                                                "additionalColumns": [
                                                                    {
                                                                        "name": "__ExtractDateTime",
                                                                        "value": {
                                                                            "value": "@variables('ExtractDateTime')",
                                                                            "type": "Expression"
                                                                        }
                                                                    },
                                                                    {
                                                                        "name": "__FileName",
                                                                        "value": {
                                                                            "value": "@concat(item().Table,'-',variables('timestamp'), '.csv')",
                                                                            "type": "Expression"
                                                                        }
                                                                    }
                                                                ],
                                                                "queryTimeout": "02:00:00",
                                                                "partitionOption": "None"
                                                            },
                                                            "sink": {
                                                                "type": "DelimitedTextSink",
                                                                "storeSettings": {
                                                                    "type": "AzureBlobFSWriteSettings"
                                                                },
                                                                "formatSettings": {
                                                                    "type": "DelimitedTextWriteSettings",
                                                                    "quoteAllText": true,
                                                                    "fileExtension": ".txt"
                                                                }
                                                            },
                                                            "enableStaging": false,
                                                            "parallelCopies": 28,
                                                            "enableSkipIncompatibleRow": true,
                                                            "logStorageSettings": {
                                                                "linkedServiceName": {
                                                                    "referenceName": "[parameters('ls_dataLakeStorage')]",
                                                                    "type": "LinkedServiceReference"
                                                                },
                                                                "path": {
                                                                    "value": "@concat(pipeline().parameters.BlobFolder, '/', item().Table, '/Logging/', formatDateTime(variables('ExtractDateTime'),'yyyy'), '/', formatDateTime(variables('ExtractDateTime'),'MM'), '/', formatDateTime(variables('ExtractDateTime'),'dd'), '/', formatDateTime(variables('ExtractDateTime'),'HH'))",
                                                                    "type": "Expression"
                                                                }
                                                            },
                                                            "translator": {
                                                                "type": "TabularTranslator",
                                                                "typeConversion": true,
                                                                "typeConversionSettings": {
                                                                    "allowDataTruncation": true,
                                                                    "treatBooleanAsNumber": false
                                                                }
                                                            }
                                                        },
                                                        "inputs": [
                                                            {
                                                                "referenceName": "ds_sqlServerSource",
                                                                "type": "DatasetReference",
                                                                "parameters": {
                                                                    "paramSchema": {
                                                                        "value": "@item().Schema",
                                                                        "type": "Expression"
                                                                    },
                                                                    "paramTable": {
                                                                        "value": "@item().Table",
                                                                        "type": "Expression"
                                                                    }
                                                                }
                                                            }
                                                        ],
                                                        "outputs": [
                                                            {
                                                                "referenceName": "ds_blobFileCsv",
                                                                "type": "DatasetReference",
                                                                "parameters": {
                                                                    "paramContainer": {
                                                                        "value": "@pipeline().parameters.BlobContainer",
                                                                        "type": "Expression"
                                                                    },
                                                                    "paramFolder": {
                                                                        "value": "@concat(pipeline().parameters.BlobFolder, '/', item().Table, '/', formatDateTime(variables('ExtractDateTime'),'yyyy'), '/', formatDateTime(variables('ExtractDateTime'),'MM'), '/', formatDateTime(variables('ExtractDateTime'),'dd'), '/', formatDateTime(variables('ExtractDateTime'),'HH'))",
                                                                        "type": "Expression"
                                                                    },
                                                                    "paramFile": {
                                                                        "value": "@concat(item().Table,'-',variables('timestamp'), '.csv')",
                                                                        "type": "Expression"
                                                                    }
                                                                }
                                                            }
                                                        ]
                                                    },
                                                    {
                                                        "name": "Send-Failure-Extract-Files-to-Blob",
                                                        "type": "ExecutePipeline",
                                                        "dependsOn": [
                                                            {
                                                                "activity": "Extract-Files-to-Blob",
                                                                "dependencyConditions": [
                                                                    "Failed"
                                                                ]
                                                            }
                                                        ],
                                                        "userProperties": [],
                                                        "typeProperties": {
                                                            "pipeline": {
                                                                "referenceName": "failure-notification-pipeline",
                                                                "type": "PipelineReference"
                                                            },
                                                            "waitOnCompletion": true,
                                                            "parameters": {
                                                                "EmailTo": {
                                                                    "value": "@pipeline().parameters.EmailTo",
                                                                    "type": "Expression"
                                                                },
                                                                "Activity": "Extract-Files-to-Blob",
                                                                "ErrorMessage": {
                                                                    "value": "@{activity('Extract-Files-to-Blob').Error.Message}",
                                                                    "type": "Expression"
                                                                },
                                                                "PipelineName": {
                                                                    "value": "@pipeline().Pipeline",
                                                                    "type": "Expression"
                                                                }
                                                            }
                                                        }
                                                    }
                                                ]
                                            }
                                        ]
                                    }
                                },
                                {
                                    "name": "Update-Watermark",
                                    "type": "SqlServerStoredProcedure",
                                    "dependsOn": [
                                        {
                                            "activity": "Switch-Incremental",
                                            "dependencyConditions": [
                                                "Succeeded"
                                            ]
                                        }
                                    ],
                                    "policy": {
                                        "timeout": "7.00:00:00",
                                        "retry": 0,
                                        "retryIntervalInSeconds": 30,
                                        "secureOutput": false,
                                        "secureInput": false
                                    },
                                    "userProperties": [],
                                    "typeProperties": {
                                        "storedProcedureName": "[[Loader].[up_UpdateLastWatermark]",
                                        "storedProcedureParameters": {
                                            "Incremental": {
                                                "value": {
                                                    "value": "@item().Incremental",
                                                    "type": "Expression"
                                                },
                                                "type": "String"
                                            },
                                            "LastUpdatedDate": {
                                                "value": {
                                                    "value": "@activity('Get-New-Watermark').output.firstRow.NewExtractDate",
                                                    "type": "Expression"
                                                },
                                                "type": "DateTime"
                                            },
                                            "SourceSystem": {
                                                "value": {
                                                    "value": "@pipeline().parameters.BlobFolder",
                                                    "type": "Expression"
                                                },
                                                "type": "String"
                                            },
                                            "TableName": {
                                                "value": {
                                                    "value": "@item().Table",
                                                    "type": "Expression"
                                                },
                                                "type": "String"
                                            },
                                            "TableSchema": {
                                                "value": {
                                                    "value": "@item().Schema",
                                                    "type": "Expression"
                                                },
                                                "type": "String"
                                            }
                                        }
                                    },
                                    "linkedServiceName": {
                                        "referenceName": "[parameters('ls_dataFactoryEngine')]",
                                        "type": "LinkedServiceReference"
                                    }
                                }
                            ]
                        }
                    }
                ],
                "parameters": {
                    "BlobContainer": {
                        "type": "string",
                        "defaultValue": "raw"
                    },
                    "BlobFolder": {
                        "type": "string"
                    },
                    "SettingsFolder": {
                        "type": "string",
                        "defaultValue": "_config"
                    },
                    "SettingsFile": {
                        "type": "string",
                        "defaultValue": "loadManifest.csv"
                    },
                    "EmailTo": {
                        "type": "string"
                    }
                },
                "variables": {
                    "timestamp": {
                        "type": "String",
                        "defaultValue": "@utcnow('yyyyMMddHHmmssfff')"
                    },
                    "ExtractDateTime": {
                        "type": "String",
                        "defaultValue": "@utcnow('yyyy-MM-dd HH:mm:ss.fff')"
                    }
                },
                "annotations": []
            },
            "dependsOn": [
                "[concat(variables('factoryId'), '/datasets/ds_blobFileCsv')]",
                "[concat(variables('factoryId'), '/datasets/ds_dataFactoryEngine')]",
                "[concat(variables('factoryId'), '/datasets/ds_sqlServerSource')]",
                "[concat(variables('factoryId'), '/pipelines/failure-notification-pipeline')]"
            ]
        },
        {
            "name": "[concat(parameters('factoryName'), '/ds_blobFileCsv')]",
            "type": "Microsoft.DataFactory/factories/datasets",
            "apiVersion": "2018-06-01",
            "properties": {
                "linkedServiceName": {
                    "referenceName": "[parameters('ls_dataLakeStorage')]",
                    "type": "LinkedServiceReference"
                },
                "parameters": {
                    "paramContainer": {
                        "type": "string"
                    },
                    "paramFolder": {
                        "type": "string"
                    },
                    "paramFile": {
                        "type": "string"
                    }
                },
                "annotations": [],
                "type": "DelimitedText",
                "typeProperties": {
                    "location": {
                        "type": "AzureBlobFSLocation",
                        "fileName": {
                            "value": "@dataset().paramFile",
                            "type": "Expression"
                        },
                        "folderPath": {
                            "value": "@dataset().paramFolder",
                            "type": "Expression"
                        },
                        "fileSystem": {
                            "value": "@dataset().paramContainer",
                            "type": "Expression"
                        }
                    },
                    "columnDelimiter": ",",
                    "escapeChar": "\\",
                    "firstRowAsHeader": true,
                    "quoteChar": "\""
                },
                "schema": []
            },
            "dependsOn": []
        },
        {
            "name": "[concat(parameters('factoryName'), '/ds_dataFactoryEngine')]",
            "type": "Microsoft.DataFactory/factories/datasets",
            "apiVersion": "2018-06-01",
            "properties": {
                "linkedServiceName": {
                    "referenceName": "[parameters('ls_dataFactoryEngine')]",
                    "type": "LinkedServiceReference"
                },
                "annotations": [],
                "type": "AzureSqlTable",
                "schema": [],
                "typeProperties": {}
            },
            "dependsOn": []
        },
        {
            "name": "[concat(parameters('factoryName'), '/ds_sqlServerSource')]",
            "type": "Microsoft.DataFactory/factories/datasets",
            "apiVersion": "2018-06-01",
            "properties": {
                "linkedServiceName": {
                    "referenceName": "[parameters('ls_sqlServerSource')]",
                    "type": "LinkedServiceReference"
                },
                "parameters": {
                    "paramSchema": {
                        "type": "string"
                    },
                    "paramTable": {
                        "type": "string"
                    }
                },
                "annotations": [],
                "type": "SqlServerTable",
                "schema": [],
                "typeProperties": {
                    "schema": {
                        "value": "@dataset().paramSchema",
                        "type": "Expression"
                    },
                    "table": {
                        "value": "@dataset().paramTable",
                        "type": "Expression"
                    }
                }
            },
            "dependsOn": []
        },
        {
            "name": "[concat(parameters('factoryName'), '/failure-notification-pipeline')]",
            "type": "Microsoft.DataFactory/factories/pipelines",
            "apiVersion": "2018-06-01",
            "properties": {
                "activities": [
                    {
                        "name": "Send-Failure-Email",
                        "type": "WebActivity",
                        "dependsOn": [],
                        "policy": {
                            "timeout": "7.00:00:00",
                            "retry": 0,
                            "retryIntervalInSeconds": 30,
                            "secureOutput": false,
                            "secureInput": false
                        },
                        "userProperties": [],
                        "typeProperties": {
                            "url": "https://prod-19.westus2.logic.azure.com:443/workflows/",
                            "method": "POST",
                            "headers": {
                                "Content-Type": "application/json"
                            },
                            "body": {
                                "value": "{\"EmailTo\": \"@{pipeline().parameters.EmailTo}\",\n\"Subject\": \"An error has occured in the @{pipeline().parameters.PipelineName}\",\n\"DataFactoryName\": \"@{pipeline().DataFactory}\",\n\"PipelineName\": \"@{pipeline().parameters.PipelineName}\",\n\"Activity\": \"@{pipeline().parameters.Activity}\",\n\"ErrorMessage\": \"@{pipeline().parameters.ErrorMessage}\"}",
                                "type": "Expression"
                            }
                        }
                    }
                ],
                "parameters": {
                    "EmailTo": {
                        "type": "string"
                    },
                    "Activity": {
                        "type": "string"
                    },
                    "ErrorMessage": {
                        "type": "string"
                    },
                    "PipelineName": {
                        "type": "string"
                    }
                },
                "annotations": [],
                "lastPublishTime": "2020-09-15T13:59:06Z"
            },
            "dependsOn": []
        }
    ]
}